AD;Codigo
AD138;AHR341-002
AD13;BPP237-002
AD120;BTW990-002
AD09;BZU207-002
AD162;CDX215-002
AD171;CSL111-002
AD173;DCU160-002
AD122;DDC480-002
AD160;DEJ139-002
AD118;DLM874-002
AD142;DPW776-002
AD181;ECV940-002
AD23;ENL774-002
AD57;EQF740-002
AD136;EWP736-002
AD134;FRM681-002
AD82;FRS087-002
AD179;FVG163-002
AD196;GFD767-002
AD113;GLL958-002
AD151;GMS619-002
AD06;GPR303-002
AD58;HKG813-002
AD38;HKX456-002
AD175;HNH905-002
AD145;HRI748-002
AD158;HWX875-002
AD55;HYQ415-002
AD168;ICY366-002
AD96;IKK308-002
AD18;INT209-002
AD05;JFF940-002
AD80;JHO023-002
AD221;JKF916-002
AD140;JSD535-002
AD200;KOO311-002
AD178;KUP794-002
AD25;LGY408-002
AD190;MSA557-002
AD11;MTR464-002
AD150;NFM165-002
AD114;NFT967-002
AD216;NOC015-002
AD195;NVN657-002
AD103;NZT421-002
AD21;OER573-002
AD01;PRD802-002
AD106;PVF414-002
AD47;PVV749-002
AD67;PXI050-002
AD14;QBE714-002
AD35;QBN847-002
AD56;QLZ112-002
AD64;QPZ258-002
AD176;RCP743-002
AD48;REE437-002
AD220;RES693-002
AD73;RHJ192-002
AD191;ROY115-002
AD192;RZT494-002
AD147;SLD504-002
AD105;SPI831-002
AD146;TGB088-002
AD131;THE976-002
AD219;TIA573-002
AD15;TIL740-002
AD31;UBG444-002
AD60;UDJ625-002
AD07;UMS786-002
AD177;UOU747-002
AD37;UQA857-002
AD45;UZQ758-002
AD63;VFM522-002
AD143;VGE753-002
AD174;VNW443-002
AD109;VNW718-002
AD180;VRF125-002
AD91;VTM630-002
AD141;VXS318-002
AD10;WCI481-002
AD205;WVZ637-002
AD202;XIV316-002
AD159;XNO647-002
AD154;XTD686-002
AD70;YDP121-002
AD186;YGR384-002
AD92;YLA605-002
AD36;YXF906-002
AD03;YZI855-002
AD155;ZAV124-002
AD212;ZAZ983-002
AD04;ZEI896-002
AD193;ZEW370-002
AD130;ZQA321-002
AD51;ZUC659-002
AD101;ZXU595-002
AD222;AD222
AD223;AD223
AD225;AD225
AD226;AD226
AD228;AD228
AD229;AD229
AD230;AD230
AD231;AD231
AD232;AD232
AD234;AD234
AD235;AD235
AD236;AD236
AD237;AD237
AD238;AD238
AD239;AD239
AD240;AD240
AD241;AD241
AD242;AD242
AD272;AD272
AD273;AD273
AD274;AD274
AD275;AD275
AD276;AD276
AD280;AD280
AD281;AD281
AD283;AD283
AD284;AD284
AD286;AD286